"","pKey","location_code","partner_code","product_id","export_value","import_value"
"1",1,"AFG","BEL",815,0,3106
"2",2,"AGO","BEL",815,0,137159
"3",3,"AUT","BEL",815,1177,10884
"4",4,"BDI","BEL",815,0,158766
"5",5,"BGR","BEL",815,0,236160
"6",6,"BRA","BEL",815,1369,0
"7",7,"CAF","BEL",815,0,17160
"8",8,"CAN","BEL",815,12610,43395
"9",9,"CHE","BEL",815,16297,8544
"10",10,"CIV","BEL",815,0,7048
"11",11,"CMR","BEL",815,0,1694
"12",12,"COD","BEL",815,0,74501
"13",13,"COG","BEL",815,0,3634
"14",14,"CSK","BEL",815,0,22468
"15",15,"DEU","BEL",815,232314,306248
"16",16,"DNK","BEL",815,3391,6731
"17",17,"DZA","BEL",815,0,236975
"18",18,"EGY","BEL",815,81348,0
"19",19,"ESP","BEL",815,0,218416
"20",20,"FIN","BEL",815,0,10144
"21",21,"FRA","BEL",815,997215,2626061
"22",22,"GAB","BEL",815,0,2623
"23",23,"GBR","BEL",815,156976,230839
"24",24,"GMB","BEL",815,0,6632
"25",25,"GRC","BEL",815,0,2181
"26",26,"HKG","BEL",815,0,1931
"27",27,"HUN","BEL",815,0,1541
"28",28,"IND","BEL",815,12085,69081
"29",29,"ISR","BEL",815,0,5331
"30",30,"ITA","BEL",815,3363,864019
"31",31,"JPN","BEL",815,116965,4596
"32",32,"KEN","BEL",815,2247,61104
"33",33,"KOR","BEL",815,0,1462
"34",34,"KWT","BEL",815,0,4324
"35",35,"LBN","BEL",815,10482,38867
"36",36,"MDG","BEL",815,0,1971
"37",37,"NGA","BEL",815,0,6070
"38",38,"NLD","BEL",815,990434,876397
"39",39,"NOR","BEL",815,0,19543
"40",40,"NZL","BEL",815,18076,0
"41",41,"PAK","BEL",815,0,3309
"42",42,"POL","BEL",815,2347,1980
"43",43,"PRT","BEL",815,0,17864
"44",44,"ROU","BEL",815,1988,0
"45",45,"RUS","BEL",815,32066,0
"46",46,"SAU","BEL",815,0,14162
"47",47,"SLE","BEL",815,0,1968
"48",48,"SWE","BEL",815,10730,24186
"49",49,"SYR","BEL",815,0,98755
"50",50,"TCD","BEL",815,0,25959
"51",51,"THA","BEL",815,8558,0
"52",52,"TUN","BEL",815,0,5611
"53",53,"TUR","BEL",815,6151,0
"54",54,"USA","BEL",815,485058,716080
"55",55,"ZAF","BEL",815,0,3900
"56",56,"ANS","BEL",815,1500,6207
"57",57,"AUT","CHE",815,58596,27053
"58",58,"BEL","CHE",815,8544,16297
"59",59,"CSK","CHE",815,0,52484
"60",60,"DEU","CHE",815,530842,205968
"61",61,"ESP","CHE",815,0,130989
"62",62,"FRA","CHE",815,80105,316824
"63",63,"GBR","CHE",815,84583,86050
"64",64,"GRC","CHE",815,12500,8243
"65",65,"HUN","CHE",815,20248,115836
"66",66,"IND","CHE",815,0,10534
"67",67,"ISR","CHE",815,0,1966
"68",68,"ITA","CHE",815,137162,590909
"69",69,"JPN","CHE",815,143652,0
"70",70,"MAR","CHE",815,0,5611
"71",71,"NLD","CHE",815,36028,4946
"72",72,"POL","CHE",815,9997,0
"73",73,"SWE","CHE",815,0,2667
"74",74,"USA","CHE",815,43721,49522
"75",75,"YUG","CHE",815,0,19254
"76",76,"HKG","CHN",815,13115,0
"77",77,"JPN","CHN",815,0,3160
"78",78,"BEL","CSK",815,22468,0
"79",79,"CHE","CSK",815,52484,0
"80",80,"DEU","CSK",815,22509,206674
"81",81,"DNK","CSK",815,8259,0
"82",82,"GBR","CSK",815,690694,1929
"83",83,"ITA","CSK",815,0,11007
"84",84,"NLD","CSK",815,347337,1639
"85",85,"AFG","DEU",815,0,26870
"86",86,"AGO","DEU",815,0,3342
"87",87,"ARG","DEU",815,25687,0
"88",88,"AUS","DEU",815,8994,4129
"89",89,"AUT","DEU",815,234340,532841
"90",90,"BEL","DEU",815,306248,232314
"91",91,"BGR","DEU",815,35923,0
"92",92,"CAN","DEU",815,2732,7023
"93",93,"CHE","DEU",815,205968,530842
"94",94,"CHL","DEU",815,0,3037
"95",95,"CIV","DEU",815,0,4074
"96",96,"CSK","DEU",815,206674,22509
"97",97,"DNK","DEU",815,259466,147322
"98",98,"DZA","DEU",815,0,1023
"99",99,"EGY","DEU",815,102893,1053
"100",100,"ESP","DEU",815,1845,193117
"101",101,"FIN","DEU",815,30247,67747
"102",102,"FRA","DEU",815,301150,1305605
"103",103,"GBR","DEU",815,907289,407043
"104",104,"GHA","DEU",815,0,934
"105",105,"GRC","DEU",815,4658,1992
"106",106,"HUN","DEU",815,84018,40766
"107",107,"IND","DEU",815,66411,12696
"108",108,"ISL","DEU",815,2817,0
"109",109,"ISR","DEU",815,0,2952
"110",110,"ITA","DEU",815,98442,3838846
"111",111,"JPN","DEU",815,342945,151411
"112",112,"LBN","DEU",815,0,5104
"113",113,"LBY","DEU",815,0,2783
"114",114,"MAR","DEU",815,0,946
"115",115,"NGA","DEU",815,0,2404
"116",116,"NLD","DEU",815,2714594,1025444
"117",117,"NOR","DEU",815,60434,26337
"118",118,"PER","DEU",815,0,1029
"119",119,"POL","DEU",815,112267,0
"120",120,"PRT","DEU",815,0,7169
"121",121,"ROU","DEU",815,66925,0
"122",122,"RUS","DEU",815,24971,0
"123",123,"SWE","DEU",815,162324,264963
"124",124,"TUN","DEU",815,0,1921
"125",125,"TUR","DEU",815,130191,1022
"126",126,"USA","DEU",815,793604,540137
"127",127,"VEN","DEU",815,0,1018
"128",128,"ZAF","DEU",815,0,3101
"129",129,"AUS","DNK",815,10051,0
"130",130,"AUT","DNK",815,0,42352
"131",131,"BEL","DNK",815,6731,3391
"132",132,"CSK","DNK",815,0,8259
"133",133,"DEU","DNK",815,147322,259466
"134",134,"ESP","DNK",815,0,127695
"135",135,"FIN","DNK",815,16951,127357
"136",136,"FRA","DNK",815,4828,21758
"137",137,"GBR","DNK",815,114245,199846
"138",138,"GRC","DNK",815,0,3975
"139",139,"HUN","DNK",815,0,188452
"140",140,"IND","DNK",815,2815,22163
"141",141,"ISL","DNK",815,1826,0
"142",142,"ITA","DNK",815,0,207897
"143",143,"JPN","DNK",815,167012,3241
"144",144,"KEN","DNK",815,0,9798
"145",145,"NGA","DNK",815,0,6805
"146",146,"NLD","DNK",815,95298,57338
"147",147,"NOR","DNK",815,30964,137396
"148",148,"NZL","DNK",815,2039,0
"149",149,"POL","DNK",815,0,76598
"150",150,"PRT","DNK",815,0,2750
"151",151,"SWE","DNK",815,251244,207568
"152",152,"TUN","DNK",815,0,1331
"153",153,"USA","DNK",815,11005,151443
"154",154,"ANT","FRA",815,0,2231
"155",155,"ARG","FRA",815,23688,0
"156",156,"AUS","FRA",815,56407,0
"157",157,"AUT","FRA",815,24600,25331
"158",158,"BEL","FRA",815,2626061,997215
"159",159,"BEN","FRA",815,0,4037
"160",160,"BFA","FRA",815,0,2309
"161",161,"BRA","FRA",815,2369,0
"162",162,"CAF","FRA",815,0,31890
"163",163,"CAN","FRA",815,30020,8797
"164",164,"CHE","FRA",815,316824,80105
"165",165,"CIV","FRA",815,0,96464
"166",166,"CMR","FRA",815,0,495728
"167",167,"COG","FRA",815,0,61553
"168",168,"DEU","FRA",815,1305605,301150
"169",169,"DJI","FRA",815,0,3519
"170",170,"DNK","FRA",815,21758,4828
"171",171,"DZA","FRA",815,29635,539989
"172",172,"EGY","FRA",815,57245,0
"173",173,"ESP","FRA",815,16165,1021712
"174",174,"FIN","FRA",815,9447,3646
"175",175,"GAB","FRA",815,0,16721
"176",176,"GBR","FRA",815,1349182,215455
"177",177,"GLP","FRA",815,0,6524
"178",178,"GRC","FRA",815,0,1410
"179",179,"HUN","FRA",815,20447,20471
"180",180,"IDN","FRA",815,0,4257
"181",181,"IND","FRA",815,222480,8249
"182",182,"IRL","FRA",815,28848,0
"183",183,"ITA","FRA",815,211089,2208974
"184",184,"JPN","FRA",815,748466,74808
"185",185,"KHM","FRA",815,0,2357
"186",186,"LBN","FRA",815,10517,4865
"187",187,"LBR","FRA",815,0,1015
"188",188,"MAR","FRA",815,38217,113465
"189",189,"MDG","FRA",815,0,325259
"190",190,"MLI","FRA",815,0,17204
"191",191,"MOZ","FRA",815,2575,1828
"192",192,"MRT","FRA",815,0,5436
"193",193,"MTQ","FRA",815,0,1630
"194",194,"NCL","FRA",815,0,2033
"195",195,"NER","FRA",815,0,1520
"196",196,"NGA","FRA",815,0,4109
"197",197,"NLD","FRA",815,1255450,274708
"198",198,"NOR","FRA",815,20513,4420
"199",199,"PAN","FRA",815,0,988
"200",200,"POL","FRA",815,15069,14389
"201",201,"PRT","FRA",815,4749,9623
"202",202,"REU","FRA",815,0,2257
"203",203,"ROU","FRA",815,1707,17641
"204",204,"SEN","FRA",815,0,42304
"205",205,"SLE","FRA",815,0,32630
"206",206,"SWE","FRA",815,105217,30321
"207",207,"SYR","FRA",815,0,17451
"208",208,"TCD","FRA",815,0,12723
"209",209,"TGO","FRA",815,0,1410
"210",210,"TUN","FRA",815,30169,106805
"211",211,"TUR","FRA",815,6128,0
"212",212,"URY","FRA",815,2926,0
"213",213,"USA","FRA",815,1817955,1194467
"214",214,"VNM","FRA",815,0,9730
"215",215,"ANS","FRA",815,0,8117
"216",216,"AFG","GBR",815,0,27107
"217",217,"AGO","GBR",815,0,14619
"218",218,"ANT","GBR",815,0,4070
"219",219,"ARG","GBR",815,12075,2111
"220",220,"AUS","GBR",815,67580,33767
"221",221,"AUT","GBR",815,33300,214754
"222",222,"BDI","GBR",815,0,8070
"223",223,"BEL","GBR",815,230839,156976
"224",224,"BFA","GBR",815,0,1856
"225",225,"BHR","GBR",815,0,31227
"226",226,"BHS","GBR",815,0,3599
"227",227,"BMU","GBR",815,0,3831
"228",228,"BOL","GBR",815,0,7100
"229",229,"BRA","GBR",815,21995,0
"230",230,"BRB","GBR",815,0,6671
"231",231,"BRN","GBR",815,0,588
"232",232,"CAN","GBR",815,75297,292253
"233",233,"CHE","GBR",815,86050,84583
"234",234,"COD","GBR",815,0,1995
"235",235,"COG","GBR",815,0,2299
"236",236,"CSK","GBR",815,1929,690694
"237",237,"CYP","GBR",815,1856,16202
"238",238,"DEU","GBR",815,407043,907289
"239",239,"DNK","GBR",815,199846,114245
"240",240,"DZA","GBR",815,0,52984
"241",241,"EGY","GBR",815,459998,4603
"242",242,"ESP","GBR",815,25846,1887803
"243",243,"ETH","GBR",815,0,6182
"244",244,"FIN","GBR",815,0,60560
"245",245,"FJI","GBR",815,0,6308
"246",246,"FRA","GBR",815,215455,1349182
"247",247,"GHA","GBR",815,2544,172155
"248",248,"GMB","GBR",815,0,4066
"249",249,"GRC","GBR",815,11494,82408
"250",250,"GUY","GBR",815,0,18305
"251",251,"HKG","GBR",815,4016,45639
"252",252,"HUN","GBR",815,5523,0
"253",253,"IDN","GBR",815,0,9971
"254",254,"IND","GBR",815,281994,408917
"255",255,"IRL","GBR",815,350400,416124
"256",256,"IRN","GBR",815,0,61979
"257",257,"IRQ","GBR",815,0,34490
"258",258,"ISL","GBR",815,20054,21577
"259",259,"ISR","GBR",815,0,21078
"260",260,"ITA","GBR",815,74601,1947709
"261",261,"JAM","GBR",815,0,33274
"262",262,"JOR","GBR",815,0,1726
"263",263,"JPN","GBR",815,169495,290879
"264",264,"KEN","GBR",815,0,328525
"265",265,"KOR","GBR",815,0,24794
"266",266,"KWT","GBR",815,0,46448
"267",267,"LBN","GBR",815,44628,9472
"268",268,"LBR","GBR",815,0,3001
"269",269,"LBY","GBR",815,0,72953
"270",270,"LKA","GBR",815,0,8750
"271",271,"MAR","GBR",815,0,7488
"272",272,"MLT","GBR",815,3050,33274
"273",273,"MMR","GBR",815,0,4880
"274",274,"MOZ","GBR",815,0,46888
"275",275,"MUS","GBR",815,0,8019
"276",276,"NGA","GBR",815,0,269288
"277",277,"NLD","GBR",815,734693,932556
"278",278,"NOR","GBR",815,58572,138958
"279",279,"NZL","GBR",815,98752,105993
"280",280,"OMN","GBR",815,0,3827
"281",281,"PAK","GBR",815,25104,10486
"282",282,"PAN","GBR",815,0,5375
"283",283,"PER","GBR",815,1162,5187
"284",284,"PHL","GBR",815,14164,0
"285",285,"POL","GBR",815,22364,1698289
"286",286,"PRT","GBR",815,0,163422
"287",287,"QAT","GBR",815,0,14081
"288",288,"ROU","GBR",815,47423,0
"289",289,"RUS","GBR",815,11596,0
"290",290,"SAU","GBR",815,0,120884
"291",291,"SDN","GBR",815,4170,9477
"292",292,"SEN","GBR",815,0,5809
"293",293,"SGP","GBR",815,0,27812
"294",294,"SLE","GBR",815,0,28036
"295",295,"SOM","GBR",815,0,13327
"296",296,"SWE","GBR",815,112097,253046
"297",297,"SYR","GBR",815,0,79862
"298",298,"THA","GBR",815,2531,1388
"299",299,"TTO","GBR",815,0,37389
"300",300,"TUN","GBR",815,0,3214
"301",301,"TUR","GBR",815,6575,0
"302",302,"UGA","GBR",815,0,18617
"303",303,"USA","GBR",815,749277,3385047
"304",304,"VEN","GBR",815,0,17514
"305",305,"VUT","GBR",815,0,2956
"306",306,"YMD","GBR",815,0,84394
"307",307,"YUG","GBR",815,0,999
"308",308,"ZAF","GBR",815,12565,389931
"309",309,"ANS","GBR",815,1375,346827
"310",310,"AFG","IND",815,0,34888
"311",311,"AUS","IND",815,0,15583
"312",312,"BEL","IND",815,69081,12085
"313",313,"BGR","IND",815,0,7276
"314",314,"CAN","IND",815,2785,54558
"315",315,"CHE","IND",815,10534,0
"316",316,"DEU","IND",815,12696,66411
"317",317,"DNK","IND",815,22163,2815
"318",318,"ESP","IND",815,0,3236
"319",319,"FRA","IND",815,8249,222480
"320",320,"GBR","IND",815,408917,281994
"321",321,"ITA","IND",815,79969,32391
"322",322,"JPN","IND",815,34494,0
"323",323,"NLD","IND",815,42059,25646
"324",324,"NOR","IND",815,0,3001
"325",325,"NZL","IND",815,0,34765
"326",326,"SWE","IND",815,3346,0
"327",327,"USA","IND",815,57830,7064
"328",328,"ANS","IND",815,0,3055
"329",329,"AFG","IRN",815,0,9419
"330",330,"GBR","IRN",815,61979,0
"331",331,"ITA","IRN",815,4844,0
"332",332,"NLD","IRN",815,2460,0
"333",333,"USA","IRN",815,126645,0
"334",334,"ARG","ITA",815,207581,3098
"335",335,"AUS","ITA",815,484986,6183
"336",336,"AUT","ITA",815,131294,38911
"337",337,"BEL","ITA",815,864019,3363
"338",338,"BGR","ITA",815,3404,0
"339",339,"BRA","ITA",815,130442,3686
"340",340,"CAN","ITA",815,515984,31587
"341",341,"CHE","ITA",815,590909,137162
"342",342,"COD","ITA",815,0,1744
"343",343,"COG","ITA",815,0,1313
"344",344,"CRI","ITA",815,1662,0
"345",345,"CSK","ITA",815,11007,0
"346",346,"CYP","ITA",815,1908,0
"347",347,"DEU","ITA",815,3838846,98442
"348",348,"DNK","ITA",815,207897,0
"349",349,"DZA","ITA",815,4105,0
"350",350,"EGY","ITA",815,105532,3567
"351",351,"ESP","ITA",815,71785,32445
"352",352,"ETH","ITA",815,0,6618
"353",353,"FRA","ITA",815,2208974,211089
"354",354,"GBR","ITA",815,1947709,74601
"355",355,"GHA","ITA",815,0,3291
"356",356,"GRC","ITA",815,7099,1405
"357",357,"HKG","ITA",815,91192,0
"358",358,"HUN","ITA",815,11512,0
"359",359,"IND","ITA",815,32391,79969
"360",360,"IRL","ITA",815,6927,4286
"361",361,"IRN","ITA",815,0,4844
"362",362,"ISR","ITA",815,0,1388
"363",363,"JPN","ITA",815,128693,59764
"364",364,"LBN","ITA",815,2834,2836
"365",365,"LBY","ITA",815,4537,28511
"366",366,"MAR","ITA",815,0,1520
"367",367,"MEX","ITA",815,0,1600
"368",368,"MLT","ITA",815,44905,0
"369",369,"NGA","ITA",815,0,1293
"370",370,"NLD","ITA",815,1096313,72538
"371",371,"NOR","ITA",815,52112,1061
"372",372,"NZL","ITA",815,99513,0
"373",373,"PAK","ITA",815,24924,0
"374",374,"PER","ITA",815,0,1166
"375",375,"POL","ITA",815,4531,0
"376",376,"PRK","ITA",815,2594,0
"377",377,"PRT","ITA",815,0,5345
"378",378,"ROU","ITA",815,81312,0
"379",379,"SDN","ITA",815,0,1202
"380",380,"SEN","ITA",815,0,3146
"381",381,"SLV","ITA",815,0,9558
"382",382,"SOM","ITA",815,0,4141
"383",383,"SWE","ITA",815,421246,60556
"384",384,"SYR","ITA",815,0,1776
"385",385,"TTO","ITA",815,0,4573
"386",386,"TUN","ITA",815,22102,0
"387",387,"TUR","ITA",815,39258,1668
"388",388,"URY","ITA",815,16707,0
"389",389,"USA","ITA",815,9515259,225034
"390",390,"VEN","ITA",815,0,3169
"391",391,"YUG","ITA",815,0,8680
"392",392,"ZAF","ITA",815,25820,4113
"393",393,"ANS","ITA",815,4764,73939
"394",394,"AFG","JPN",815,0,1769
"395",395,"ARG","JPN",815,2082,0
"396",396,"AUS","JPN",815,203114,136339
"397",397,"BEL","JPN",815,4596,116965
"398",398,"CAN","JPN",815,15107,139941
"399",399,"CHE","JPN",815,0,143652
"400",400,"CHL","JPN",815,0,9793
"401",401,"CHN","JPN",815,3160,0
"402",402,"DEU","JPN",815,151411,342945
"403",403,"DNK","JPN",815,3241,167012
"404",404,"ESP","JPN",815,0,129107
"405",405,"FRA","JPN",815,74808,748466
"406",406,"GBR","JPN",815,290879,169495
"407",407,"HKG","JPN",815,177415,8536
"408",408,"HUN","JPN",815,13153,0
"409",409,"IDN","JPN",815,0,15034
"410",410,"IND","JPN",815,0,34494
"411",411,"ITA","JPN",815,59764,128693
"412",412,"JAM","JPN",815,0,2659
"413",413,"KEN","JPN",815,0,8971
"414",414,"KOR","JPN",815,47935,42161
"415",415,"KWT","JPN",815,0,17917
"416",416,"LBN","JPN",815,0,8090
"417",417,"MEX","JPN",815,5032,0
"418",418,"MOZ","JPN",815,0,10712
"419",419,"NGA","JPN",815,0,2085
"420",420,"NLD","JPN",815,95844,68245
"421",421,"NOR","JPN",815,0,172111
"422",422,"NZL","JPN",815,23506,0
"423",423,"PAK","JPN",815,4427,0
"424",424,"PER","JPN",815,0,4226
"425",425,"PHL","JPN",815,45161,0
"426",426,"PNG","JPN",815,2477,0
"427",427,"ROU","JPN",815,16308,0
"428",428,"SAU","JPN",815,0,48568
"429",429,"SGP","JPN",815,0,15342
"430",430,"SWE","JPN",815,0,377257
"431",431,"THA","JPN",815,2368,128542
"432",432,"USA","JPN",815,1245383,1682922
"433",433,"ZAF","JPN",815,4563,294808
"434",434,"TWN","JPN",815,6455,15358
"435",435,"ANS","JPN",815,7109,25696
"436",436,"AFG","LBN",815,0,1706
"437",437,"BEL","LBN",815,38867,10482
"438",438,"CAN","LBN",815,40626,0
"439",439,"CIV","LBN",815,2767,0
"440",440,"DEU","LBN",815,5104,0
"441",441,"FRA","LBN",815,4865,10517
"442",442,"GBR","LBN",815,9472,44628
"443",443,"ITA","LBN",815,2836,2834
"444",444,"JPN","LBN",815,8090,0
"445",445,"NLD","LBN",815,37826,12491
"446",446,"NOR","LBN",815,5422,0
"447",447,"SWE","LBN",815,20156,0
"448",448,"USA","LBN",815,1493120,0
"449",449,"AFG","NLD",815,0,2312
"450",450,"AGO","NLD",815,0,4032
"451",451,"ANT","NLD",815,0,40466
"452",452,"ARG","NLD",815,4899,0
"453",453,"AUS","NLD",815,8252,0
"454",454,"AUT","NLD",815,1494,208999
"455",455,"BDI","NLD",815,0,43813
"456",456,"BEL","NLD",815,876397,990434
"457",457,"BFA","NLD",815,0,5917
"458",458,"BGR","NLD",815,0,431899
"459",459,"BRA","NLD",815,3034,0
"460",460,"CAF","NLD",815,0,4395
"461",461,"CAN","NLD",815,1823,8176
"462",462,"CHE","NLD",815,4946,36028
"463",463,"CHL","NLD",815,0,3951
"464",464,"CIV","NLD",815,0,138692
"465",465,"CMR","NLD",815,0,2053
"466",466,"COD","NLD",815,0,40463
"467",467,"COG","NLD",815,0,12346
"468",468,"CSK","NLD",815,1639,347337
"469",469,"DEU","NLD",815,1025444,2714594
"470",470,"DNK","NLD",815,57338,95298
"471",471,"DZA","NLD",815,1434,353774
"472",472,"EGY","NLD",815,37865,0
"473",473,"ESP","NLD",815,7799,252293
"474",474,"ETH","NLD",815,0,48878
"475",475,"FIN","NLD",815,0,51970
"476",476,"FRA","NLD",815,274708,1255450
"477",477,"GAB","NLD",815,0,1200
"478",478,"GBR","NLD",815,932556,734693
"479",479,"GHA","NLD",815,0,29711
"480",480,"GRC","NLD",815,1312,13322
"481",481,"GUY","NLD",815,0,2346
"482",482,"HKG","NLD",815,0,6168
"483",483,"HUN","NLD",815,10116,533391
"484",484,"IDN","NLD",815,0,1351
"485",485,"IND","NLD",815,25646,42059
"486",486,"IRL","NLD",815,0,2107
"487",487,"IRN","NLD",815,0,2460
"488",488,"IRQ","NLD",815,0,4346
"489",489,"ISR","NLD",815,0,9607
"490",490,"ITA","NLD",815,72538,1096313
"491",491,"JOR","NLD",815,0,1458
"492",492,"JPN","NLD",815,68245,95844
"493",493,"KEN","NLD",815,0,62733
"494",494,"KHM","NLD",815,0,1070
"495",495,"LBN","NLD",815,12491,37826
"496",496,"LBR","NLD",815,0,2299
"497",497,"LBY","NLD",815,0,12100
"498",498,"MAR","NLD",815,0,13947
"499",499,"MDG","NLD",815,0,34862
"500",500,"MLT","NLD",815,0,2399
"501",501,"MOZ","NLD",815,0,4036
"502",502,"NGA","NLD",815,0,231759
"503",503,"NOR","NLD",815,20922,63379
"504",504,"PAK","NLD",815,0,13639
"505",505,"POL","NLD",815,0,237464
"506",506,"PRT","NLD",815,0,44825
"507",507,"ROU","NLD",815,8677,353759
"508",508,"RUS","NLD",815,1111,0
"509",509,"SAU","NLD",815,0,2390
"510",510,"SEN","NLD",815,0,4418
"511",511,"SLE","NLD",815,0,11718
"512",512,"SUR","NLD",815,0,23853
"513",513,"SWE","NLD",815,43561,227168
"514",514,"SYR","NLD",815,0,76755
"515",515,"THA","NLD",815,2243,0
"516",516,"TUN","NLD",815,2823,27823
"517",517,"USA","NLD",815,762684,420509
"518",518,"VEN","NLD",815,0,54528
"519",519,"YMD","NLD",815,0,7283
"520",520,"YUG","NLD",815,0,676625
"521",521,"ZAF","NLD",815,5661,69046
"522",522,"TWN","NLD",815,0,5642
"523",523,"ANS","NLD",815,682,55383
"524",524,"BEL","PAK",815,3309,0
"525",525,"CAN","PAK",815,0,47950
"526",526,"ESP","PAK",815,0,19097
"527",527,"GBR","PAK",815,10486,25104
"528",528,"ITA","PAK",815,0,24924
"529",529,"JPN","PAK",815,0,4427
"530",530,"NLD","PAK",815,13639,0
"531",531,"USA","PAK",815,1089388,3593
"532",532,"BEL","POL",815,1980,2347
"533",533,"CAN","POL",815,25435,0
"534",534,"CHE","POL",815,0,9997
"535",535,"DEU","POL",815,0,112267
"536",536,"DNK","POL",815,76598,0
"537",537,"FRA","POL",815,14389,15069
"538",538,"GBR","POL",815,1698289,22364
"539",539,"ITA","POL",815,0,4531
"540",540,"NLD","POL",815,237464,0
"541",541,"NOR","POL",815,45931,0
"542",542,"USA","POL",815,577223,1808
"543",543,"BEL","RUS",815,0,32066
"544",544,"CAN","RUS",815,0,59293
"545",545,"DEU","RUS",815,0,24971
"546",546,"GBR","RUS",815,0,11596
"547",547,"NLD","RUS",815,0,1111
"548",548,"AUS","SWE",815,2949,0
"549",549,"AUT","SWE",815,1446,24876
"550",550,"BEL","SWE",815,24186,10730
"551",551,"CAN","SWE",815,0,7984
"552",552,"CHE","SWE",815,2667,0
"553",553,"DEU","SWE",815,264963,162324
"554",554,"DNK","SWE",815,207568,251244
"555",555,"DZA","SWE",815,0,41141
"556",556,"ESP","SWE",815,10914,195973
"557",557,"FIN","SWE",815,10123,124539
"558",558,"FRA","SWE",815,30321,105217
"559",559,"GBR","SWE",815,253046,112097
"560",560,"GRC","SWE",815,0,3776
"561",561,"HUN","SWE",815,0,188420
"562",562,"IND","SWE",815,0,3346
"563",563,"IRQ","SWE",815,0,5347
"564",564,"ITA","SWE",815,60556,421246
"565",565,"JOR","SWE",815,0,10522
"566",566,"JPN","SWE",815,377257,0
"567",567,"KEN","SWE",815,0,3451
"568",568,"LBN","SWE",815,0,20156
"569",569,"LBR","SWE",815,0,1776
"570",570,"MAR","SWE",815,0,3900
"571",571,"NGA","SWE",815,0,1966
"572",572,"NLD","SWE",815,227168,43561
"573",573,"NOR","SWE",815,66570,188359
"574",574,"PRT","SWE",815,0,13252
"575",575,"SYR","SWE",815,0,51179
"576",576,"USA","SWE",815,13327,74353
"577",577,"YUG","SWE",815,0,1152
"578",578,"ZAF","SWE",815,1542,0
"579",579,"ANS","SWE",815,0,2470
"580",580,"AFG","USA",815,0,432845
"581",581,"AGO","USA",815,0,270700
"582",582,"ANT","USA",815,0,5408
"583",583,"ARG","USA",815,456117,10126
"584",584,"AUS","USA",815,388378,70527
"585",585,"AUT","USA",815,11293,57591
"586",586,"BEL","USA",815,716080,485058
"587",587,"BFA","USA",815,0,58141
"588",588,"BHR","USA",815,0,12917
"589",589,"BHS","USA",815,0,11146
"590",590,"BOL","USA",815,0,10063
"591",591,"BRA","USA",815,28470,1272218
"592",592,"CAF","USA",815,0,210599
"593",593,"CAN","USA",815,4167587,3724887
"594",594,"CHE","USA",815,49522,43721
"595",595,"CHL","USA",815,0,6641
"596",596,"CIV","USA",815,0,529171
"597",597,"CMR","USA",815,0,106935
"598",598,"COD","USA",815,0,812900
"599",599,"COG","USA",815,0,35616
"600",600,"CRI","USA",815,0,5716
"601",601,"DEU","USA",815,540137,793604
"602",602,"DJI","USA",815,0,6902
"603",603,"DNK","USA",815,151443,11005
"604",604,"DOM","USA",815,0,131736
"605",605,"DZA","USA",815,0,1900452
"606",606,"ECU","USA",815,0,505619
"607",607,"ESP","USA",815,2680,1941200
"608",608,"ETH","USA",815,0,19197
"609",609,"FIN","USA",815,0,10699
"610",610,"FRA","USA",815,1194467,1817955
"611",611,"GAB","USA",815,0,17482
"612",612,"GBR","USA",815,3385047,749277
"613",613,"GHA","USA",815,0,636472
"614",614,"GLP","USA",815,0,1946
"615",615,"GNB","USA",815,0,2185
"616",616,"GRC","USA",815,2505,240419
"617",617,"GTM","USA",815,0,13168
"618",618,"GUY","USA",815,0,2086
"619",619,"HKG","USA",815,11352,104417
"620",620,"HND","USA",815,0,9951
"621",621,"HTI","USA",815,0,137565
"622",622,"IDN","USA",815,0,20330
"623",623,"IND","USA",815,7064,57830
"624",624,"IRL","USA",815,5191,0
"625",625,"IRN","USA",815,0,126645
"626",626,"IRQ","USA",815,0,1736694
"627",627,"ISL","USA",815,1366,0
"628",628,"ISR","USA",815,3614,34996
"629",629,"ITA","USA",815,225034,9515259
"630",630,"JAM","USA",815,0,11428
"631",631,"JOR","USA",815,0,288753
"632",632,"JPN","USA",815,1682922,1245383
"633",633,"KEN","USA",815,3109,812334
"634",634,"KHM","USA",815,15884,0
"635",635,"KOR","USA",815,17712,70376
"636",636,"KWT","USA",815,0,163320
"637",637,"LBN","USA",815,0,1493120
"638",638,"LBR","USA",815,0,20957
"639",639,"LBY","USA",815,0,5723
"640",640,"MAR","USA",815,2214,1755809
"641",641,"MDG","USA",815,0,177534
"642",642,"MEX","USA",815,457563,34480
"643",643,"MLT","USA",815,0,19559
"644",644,"MOZ","USA",815,0,24759
"645",645,"NGA","USA",815,0,3268871
"646",646,"NIC","USA",815,0,9811
"647",647,"NLD","USA",815,420509,762684
"648",648,"NOR","USA",815,7952,0
"649",649,"NZL","USA",815,11958,1375
"650",650,"PAK","USA",815,3593,1089388
"651",651,"PAN","USA",815,0,32484
"652",652,"PCZ","USA",815,0,33754
"653",653,"PER","USA",815,0,53528
"654",654,"PHL","USA",815,0,972779
"655",655,"POL","USA",815,1808,577223
"656",656,"PRT","USA",815,18539,27384
"657",657,"QAT","USA",815,0,24985
"658",658,"SAU","USA",815,0,48540
"659",659,"SEN","USA",815,0,94246
"660",660,"SLE","USA",815,0,209988
"661",661,"SLV","USA",815,0,1769
"662",662,"SWE","USA",815,74353,13327
"663",663,"SYR","USA",815,0,691685
"664",664,"TCD","USA",815,0,28029
"665",665,"TGO","USA",815,0,7429
"666",666,"THA","USA",815,7827,7812
"667",667,"TUN","USA",815,94011,736077
"668",668,"TUR","USA",815,0,1060
"669",669,"URY","USA",815,63510,1236
"670",670,"VEN","USA",815,0,64639
"671",671,"VNM","USA",815,0,1993
"672",672,"YUG","USA",815,0,11999
"673",673,"ZAF","USA",815,42612,546668
"674",674,"TWN","USA",815,40213,0
"675",675,"ANS","USA",815,0,361913
"676",676,"FRA","ANT",815,2231,0
"677",677,"GBR","ANT",815,4070,0
"678",678,"NLD","ANT",815,40466,0
"679",679,"USA","ANT",815,5408,0
"680",680,"BEL","AUT",815,10884,1177
"681",681,"CHE","AUT",815,27053,58596
"682",682,"DEU","AUT",815,532841,234340
"683",683,"DNK","AUT",815,42352,0
"684",684,"ESP","AUT",815,0,26588
"685",685,"FRA","AUT",815,25331,24600
"686",686,"GBR","AUT",815,214754,33300
"687",687,"GRC","AUT",815,0,36493
"688",688,"ITA","AUT",815,38911,131294
"689",689,"NLD","AUT",815,208999,1494
"690",690,"SWE","AUT",815,24876,1446
"691",691,"TUR","AUT",815,10031,0
"692",692,"USA","AUT",815,57591,11293
"693",693,"YUG","AUT",815,0,232206
"694",694,"BEL","BGR",815,236160,0
"695",695,"DEU","BGR",815,0,35923
"696",696,"IND","BGR",815,7276,0
"697",697,"ITA","BGR",815,0,3404
"698",698,"NLD","BGR",815,431899,0
"699",699,"ARG","CAN",815,11464,0
"700",700,"AUS","CAN",815,22618,0
"701",701,"BEL","CAN",815,43395,12610
"702",702,"BRA","CAN",815,81572,0
"703",703,"CUB","CAN",815,2016,0
"704",704,"DEU","CAN",815,7023,2732
"705",705,"DZA","CAN",815,0,12796
"706",706,"ESP","CAN",815,0,101853
"707",707,"FRA","CAN",815,8797,30020
"708",708,"GBR","CAN",815,292253,75297
"709",709,"GRC","CAN",815,0,18749
"710",710,"GTM","CAN",815,4174,0
"711",711,"GUY","CAN",815,0,2118
"712",712,"HKG","CAN",815,81426,0
"713",713,"IND","CAN",815,54558,2785
"714",714,"ISR","CAN",815,0,22261
"715",715,"ITA","CAN",815,31587,515984
"716",716,"JAM","CAN",815,0,20860
"717",717,"JPN","CAN",815,139941,15107
"718",718,"KEN","CAN",815,0,47037
"719",719,"LBN","CAN",815,0,40626
"720",720,"MAR","CAN",815,0,3936
"721",721,"MEX","CAN",815,44515,0
"722",722,"NGA","CAN",815,0,10200
"723",723,"NLD","CAN",815,8176,1823
"724",724,"PAK","CAN",815,47950,0
"725",725,"POL","CAN",815,0,25435
"726",726,"PRT","CAN",815,1364,0
"727",727,"ROU","CAN",815,0,70879
"728",728,"RUS","CAN",815,59293,0
"729",729,"SLV","CAN",815,6616,0
"730",730,"SWE","CAN",815,7984,0
"731",731,"SYR","CAN",815,0,91512
"732",732,"TUR","CAN",815,9791,0
"733",733,"URY","CAN",815,1094,0
"734",734,"USA","CAN",815,3724887,4167587
"735",735,"ZAF","CAN",815,0,9221
"736",736,"BEL","CIV",815,7048,0
"737",737,"DEU","CIV",815,4074,0
"738",738,"FRA","CIV",815,96464,0
"739",739,"LBN","CIV",815,0,2767
"740",740,"MLI","CIV",815,0,9665
"741",741,"NER","CIV",815,0,9689
"742",742,"NLD","CIV",815,138692,0
"743",743,"USA","CIV",815,529171,0
"744",744,"BEL","COD",815,74501,0
"745",745,"GBR","COD",815,1995,0
"746",746,"ITA","COD",815,1744,0
"747",747,"NLD","COD",815,40463,0
"748",748,"USA","COD",815,812900,0
"749",749,"BEL","COG",815,3634,0
"750",750,"FRA","COG",815,61553,0
"751",751,"GBR","COG",815,2299,0
"752",752,"ITA","COG",815,1313,0
"753",753,"NLD","COG",815,12346,0
"754",754,"USA","COG",815,35616,0
"755",755,"ARG","ESP",815,37603,0
"756",756,"AUS","ESP",815,36813,0
"757",757,"AUT","ESP",815,26588,0
"758",758,"BEL","ESP",815,218416,0
"759",759,"BRA","ESP",815,13382,0
"760",760,"CAN","ESP",815,101853,0
"761",761,"CHE","ESP",815,130989,0
"762",762,"COL","ESP",815,1493,0
"763",763,"DEU","ESP",815,193117,1845
"764",764,"DNK","ESP",815,127695,0
"765",765,"DZA","ESP",815,2590,0
"766",766,"FRA","ESP",815,1021712,16165
"767",767,"GBR","ESP",815,1887803,25846
"768",768,"GRC","ESP",815,11301,0
"769",769,"IND","ESP",815,3236,0
"770",770,"IRL","ESP",815,41270,0
"771",771,"ITA","ESP",815,32445,71785
"772",772,"JPN","ESP",815,129107,0
"773",773,"MAR","ESP",815,6916,0
"774",774,"NLD","ESP",815,252293,7799
"775",775,"NOR","ESP",815,30208,0
"776",776,"NZL","ESP",815,1328,0
"777",777,"PAK","ESP",815,19097,0
"778",778,"PRT","ESP",815,37246,6788
"779",779,"SWE","ESP",815,195973,10914
"780",780,"TUN","ESP",815,2129,0
"781",781,"TUR","ESP",815,7189,0
"782",782,"URY","ESP",815,12877,0
"783",783,"USA","ESP",815,1941200,2680
"784",784,"BEL","FIN",815,10144,0
"785",785,"DEU","FIN",815,67747,30247
"786",786,"DNK","FIN",815,127357,16951
"787",787,"FRA","FIN",815,3646,9447
"788",788,"GBR","FIN",815,60560,0
"789",789,"NLD","FIN",815,51970,0
"790",790,"NOR","FIN",815,1577,5213
"791",791,"SWE","FIN",815,124539,10123
"792",792,"USA","FIN",815,10699,0
"793",793,"GHA","GIN",815,9210,0
"794",794,"CMR","GNQ",815,3957,0
"795",795,"AUS","GRC",815,19248,0
"796",796,"AUT","GRC",815,36493,0
"797",797,"BEL","GRC",815,2181,0
"798",798,"CAN","GRC",815,18749,0
"799",799,"CHE","GRC",815,8243,12500
"800",800,"CYP","GRC",815,2081,0
"801",801,"DEU","GRC",815,1992,4658
"802",802,"DNK","GRC",815,3975,0
"803",803,"ESP","GRC",815,0,11301
"804",804,"FRA","GRC",815,1410,0
"805",805,"GBR","GRC",815,82408,11494
"806",806,"ITA","GRC",815,1405,7099
"807",807,"MAR","GRC",815,0,2545
"808",808,"NLD","GRC",815,13322,1312
"809",809,"NOR","GRC",815,1476,0
"810",810,"SWE","GRC",815,3776,0
"811",811,"USA","GRC",815,240419,2505
"812",812,"YUG","GRC",815,0,8370
"813",813,"AUS","HKG",815,8616,0
"814",814,"BEL","HKG",815,1931,0
"815",815,"CAN","HKG",815,0,81426
"816",816,"CHN","HKG",815,0,13115
"817",817,"GBR","HKG",815,45639,4016
"818",818,"ITA","HKG",815,0,91192
"819",819,"JPN","HKG",815,8536,177415
"820",820,"NLD","HKG",815,6168,0
"821",821,"PRK","HKG",815,0,27075
"822",822,"SGP","HKG",815,1074,8223
"823",823,"TLS","HKG",815,0,1988
"824",824,"USA","HKG",815,104417,11352
"825",825,"TWN","HKG",815,969,0
"826",826,"ANS","HKG",815,29449,7192
"827",827,"BEL","ISR",815,5331,0
"828",828,"CAN","ISR",815,22261,0
"829",829,"CHE","ISR",815,1966,0
"830",830,"CYP","ISR",815,1109,0
"831",831,"DEU","ISR",815,2952,0
"832",832,"GBR","ISR",815,21078,0
"833",833,"ITA","ISR",815,1388,0
"834",834,"NLD","ISR",815,9607,0
"835",835,"USA","ISR",815,34996,3614
"836",836,"ZAF","ISR",815,19516,0
"837",837,"ANS","ISR",815,35052,0
"838",838,"AGO","MAC",815,0,2055
"839",839,"CAN","MAR",815,3936,0
"840",840,"CHE","MAR",815,5611,0
"841",841,"DEU","MAR",815,946,0
"842",842,"DZA","MAR",815,2079,19775
"843",843,"ESP","MAR",815,0,6916
"844",844,"FRA","MAR",815,113465,38217
"845",845,"GBR","MAR",815,7488,0
"846",846,"GRC","MAR",815,2545,0
"847",847,"ITA","MAR",815,1520,0
"848",848,"NLD","MAR",815,13947,0
"849",849,"SWE","MAR",815,3900,0
"850",850,"USA","MAR",815,1755809,2214
"851",851,"AGO","MOZ",815,0,3866
"852",852,"FRA","MOZ",815,1828,2575
"853",853,"GBR","MOZ",815,46888,0
"854",854,"JPN","MOZ",815,10712,0
"855",855,"NLD","MOZ",815,4036,0
"856",856,"USA","MOZ",815,24759,0
"857",857,"BEL","NOR",815,19543,0
"858",858,"DEU","NOR",815,26337,60434
"859",859,"DNK","NOR",815,137396,30964
"860",860,"DZA","NOR",815,0,71883
"861",861,"ESP","NOR",815,0,30208
"862",862,"FIN","NOR",815,5213,1577
"863",863,"FRA","NOR",815,4420,20513
"864",864,"GBR","NOR",815,138958,58572
"865",865,"GRC","NOR",815,0,1476
"866",866,"IND","NOR",815,3001,0
"867",867,"ITA","NOR",815,1061,52112
"868",868,"JPN","NOR",815,172111,0
"869",869,"LBN","NOR",815,0,5422
"870",870,"NLD","NOR",815,63379,20922
"871",871,"POL","NOR",815,0,45931
"872",872,"SWE","NOR",815,188359,66570
"873",873,"USA","NOR",815,0,7952
"874",874,"ANS","NOR",815,0,1094
"875",875,"AGO","PRT",815,0,16921
"876",876,"AUS","PRT",815,7047,0
"877",877,"BEL","PRT",815,17864,0
"878",878,"CAN","PRT",815,0,1364
"879",879,"DEU","PRT",815,7169,0
"880",880,"DNK","PRT",815,2750,0
"881",881,"ESP","PRT",815,6788,37246
"882",882,"FRA","PRT",815,9623,4749
"883",883,"GBR","PRT",815,163422,0
"884",884,"GNB","PRT",815,0,1289
"885",885,"ITA","PRT",815,5345,0
"886",886,"NLD","PRT",815,44825,0
"887",887,"SWE","PRT",815,13252,0
"888",888,"USA","PRT",815,27384,18539
"889",889,"FRA","SEN",815,42304,0
"890",890,"GBR","SEN",815,5809,0
"891",891,"ITA","SEN",815,3146,0
"892",892,"NLD","SEN",815,4418,0
"893",893,"TGO","SEN",815,0,1361
"894",894,"USA","SEN",815,94246,0
"895",895,"GBR","SGP",815,27812,0
"896",896,"HKG","SGP",815,8223,1074
"897",897,"JPN","SGP",815,15342,0
"898",898,"ANS","SGP",815,0,10956
"899",899,"BEL","TUN",815,5611,0
"900",900,"DEU","TUN",815,1921,0
"901",901,"DNK","TUN",815,1331,0
"902",902,"ESP","TUN",815,0,2129
"903",903,"FRA","TUN",815,106805,30169
"904",904,"GBR","TUN",815,3214,0
"905",905,"ITA","TUN",815,0,22102
"906",906,"NLD","TUN",815,27823,2823
"907",907,"USA","TUN",815,736077,94011
"908",908,"DEU","VEN",815,1018,0
"909",909,"ECU","VEN",815,0,969
"910",910,"GBR","VEN",815,17514,0
"911",911,"ITA","VEN",815,3169,0
"912",912,"NLD","VEN",815,54528,0
"913",913,"USA","VEN",815,64639,0
"914",914,"BEL","ZAF",815,3900,0
"915",915,"CAN","ZAF",815,9221,0
"916",916,"DEU","ZAF",815,3101,0
"917",917,"GBR","ZAF",815,389931,12565
"918",918,"ISR","ZAF",815,0,19516
"919",919,"ITA","ZAF",815,4113,25820
"920",920,"JPN","ZAF",815,294808,4563
"921",921,"NLD","ZAF",815,69046,5661
"922",922,"SWE","ZAF",815,0,1542
"923",923,"USA","ZAF",815,546668,42612
"924",924,"AGO","ANS",815,0,2672
"925",925,"BEL","ANS",815,6207,1500
"926",926,"BFA","ANS",815,0,26956
"927",927,"CMR","ANS",815,1582,0
"928",928,"ECU","ANS",815,0,2757
"929",929,"FRA","ANS",815,8117,0
"930",930,"GBR","ANS",815,346827,1375
"931",931,"HKG","ANS",815,7192,29449
"932",932,"IND","ANS",815,3055,0
"933",933,"ISR","ANS",815,0,35052
"934",934,"ITA","ANS",815,73939,4764
"935",935,"JPN","ANS",815,25696,7109
"936",936,"NLD","ANS",815,55383,682
"937",937,"NOR","ANS",815,1094,0
"938",938,"SGP","ANS",815,10956,0
"939",939,"SWE","ANS",815,2470,0
"940",940,"USA","ANS",815,361913,0
"941",941,"AUT","YUG",815,232206,0
"942",942,"CHE","YUG",815,19254,0
"943",943,"GBR","YUG",815,999,0
"944",944,"GRC","YUG",815,8370,0
"945",945,"ITA","YUG",815,8680,0
"946",946,"NLD","YUG",815,676625,0
"947",947,"ROU","YUG",815,3341,0
"948",948,"SWE","YUG",815,1152,0
"949",949,"USA","YUG",815,11999,0
"950",950,"BEL","AGO",815,137159,0
"951",951,"DEU","AGO",815,3342,0
"952",952,"GBR","AGO",815,14619,0
"953",953,"MAC","AGO",815,2055,0
"954",954,"MOZ","AGO",815,3866,0
"955",955,"NLD","AGO",815,4032,0
"956",956,"PRT","AGO",815,16921,0
"957",957,"USA","AGO",815,270700,0
"958",958,"ANS","AGO",815,2672,0
"959",959,"CAN","ARG",815,0,11464
"960",960,"DEU","ARG",815,0,25687
"961",961,"ESP","ARG",815,0,37603
"962",962,"FRA","ARG",815,0,23688
"963",963,"GBR","ARG",815,2111,12075
"964",964,"ITA","ARG",815,3098,207581
"965",965,"JPN","ARG",815,0,2082
"966",966,"NLD","ARG",815,0,4899
"967",967,"PRY","ARG",815,0,2507
"968",968,"USA","ARG",815,10126,456117
"969",969,"CAN","AUS",815,0,22618
"970",970,"DEU","AUS",815,4129,8994
"971",971,"DNK","AUS",815,0,10051
"972",972,"ESP","AUS",815,0,36813
"973",973,"FRA","AUS",815,0,56407
"974",974,"GBR","AUS",815,33767,67580
"975",975,"GRC","AUS",815,0,19248
"976",976,"HKG","AUS",815,0,8616
"977",977,"IND","AUS",815,15583,0
"978",978,"ITA","AUS",815,6183,484986
"979",979,"JPN","AUS",815,136339,203114
"980",980,"NLD","AUS",815,0,8252
"981",981,"PRT","AUS",815,0,7047
"982",982,"SWE","AUS",815,0,2949
"983",983,"USA","AUS",815,70527,388378
"984",984,"FRA","BEN",815,4037,0
"985",985,"NGA","BEN",815,3993,0
"986",986,"BEL","BRA",815,0,1369
"987",987,"CAN","BRA",815,0,81572
"988",988,"ESP","BRA",815,0,13382
"989",989,"FRA","BRA",815,0,2369
"990",990,"GBR","BRA",815,0,21995
"991",991,"ITA","BRA",815,3686,130442
"992",992,"NLD","BRA",815,0,3034
"993",993,"USA","BRA",815,1272218,28470
"994",994,"BEL","CAF",815,17160,0
"995",995,"FRA","CAF",815,31890,0
"996",996,"NLD","CAF",815,4395,0
"997",997,"USA","CAF",815,210599,0
"998",998,"DEU","CHL",815,3037,0
"999",999,"JPN","CHL",815,9793,0
"1000",1000,"NLD","CHL",815,3951,0
"1001",1001,"USA","CHL",815,6641,0
"1002",1002,"BEL","CMR",815,1694,0
"1003",1003,"FRA","CMR",815,495728,0
"1004",1004,"GNQ","CMR",815,0,3957
"1005",1005,"NGA","CMR",815,10651,0
"1006",1006,"NLD","CMR",815,2053,0
"1007",1007,"TCD","CMR",815,0,741
"1008",1008,"USA","CMR",815,106935,0
"1009",1009,"ANS","CMR",815,0,1582
"1010",1010,"ESP","COL",815,0,1493
"1011",1011,"USA","DOM",815,131736,0
"1012",1012,"USA","ECU",815,505619,0
"1013",1013,"VEN","ECU",815,969,0
"1014",1014,"ANS","ECU",815,2757,0
"1015",1015,"BEL","GAB",815,2623,0
"1016",1016,"FRA","GAB",815,16721,0
"1017",1017,"NLD","GAB",815,1200,0
"1018",1018,"USA","GAB",815,17482,0
"1019",1019,"BFA","GHA",815,0,48889
"1020",1020,"DEU","GHA",815,934,0
"1021",1021,"GBR","GHA",815,172155,2544
"1022",1022,"GIN","GHA",815,0,9210
"1023",1023,"ITA","GHA",815,3291,0
"1024",1024,"MLI","GHA",815,0,19072
"1025",1025,"NGA","GHA",815,2666,0
"1026",1026,"NLD","GHA",815,29711,0
"1027",1027,"TGO","GHA",815,0,8610
"1028",1028,"USA","GHA",815,636472,0
"1029",1029,"DEU","ISL",815,0,2817
"1030",1030,"DNK","ISL",815,0,1826
"1031",1031,"GBR","ISL",815,21577,20054
"1032",1032,"USA","ISL",815,0,1366
"1033",1033,"CAN","JAM",815,20860,0
"1034",1034,"GBR","JAM",815,33274,0
"1035",1035,"JPN","JAM",815,2659,0
"1036",1036,"USA","JAM",815,11428,0
"1037",1037,"BEL","MDG",815,1971,0
"1038",1038,"FRA","MDG",815,325259,0
"1039",1039,"NLD","MDG",815,34862,0
"1040",1040,"USA","MDG",815,177534,0
"1041",1041,"CAN","MEX",815,0,44515
"1042",1042,"ITA","MEX",815,1600,0
"1043",1043,"JPN","MEX",815,0,5032
"1044",1044,"USA","MEX",815,34480,457563
"1045",1045,"FRA","MRT",815,5436,0
"1046",1046,"CIV","NER",815,9689,0
"1047",1047,"FRA","NER",815,1520,0
"1048",1048,"NGA","NER",815,2492,0
"1049",1049,"BEL","NGA",815,6070,0
"1050",1050,"BEN","NGA",815,0,3993
"1051",1051,"CAN","NGA",815,10200,0
"1052",1052,"CMR","NGA",815,0,10651
"1053",1053,"DEU","NGA",815,2404,0
"1054",1054,"DNK","NGA",815,6805,0
"1055",1055,"FRA","NGA",815,4109,0
"1056",1056,"GBR","NGA",815,269288,0
"1057",1057,"GHA","NGA",815,0,2666
"1058",1058,"ITA","NGA",815,1293,0
"1059",1059,"JPN","NGA",815,2085,0
"1060",1060,"NER","NGA",815,0,2492
"1061",1061,"NLD","NGA",815,231759,0
"1062",1062,"SWE","NGA",815,1966,0
"1063",1063,"TCD","NGA",815,0,1644
"1064",1064,"USA","NGA",815,3268871,0
"1065",1065,"FRA","PAN",815,988,0
"1066",1066,"GBR","PAN",815,5375,0
"1067",1067,"USA","PAN",815,32484,0
"1068",1068,"DEU","PER",815,1029,0
"1069",1069,"GBR","PER",815,5187,1162
"1070",1070,"ITA","PER",815,1166,0
"1071",1071,"JPN","PER",815,4226,0
"1072",1072,"USA","PER",815,53528,0
"1073",1073,"GBR","PHL",815,0,14164
"1074",1074,"JPN","PHL",815,0,45161
"1075",1075,"USA","PHL",815,972779,0
"1076",1076,"ARG","PRY",815,2507,0
"1077",1077,"NLD","SUR",815,23853,0
"1078",1078,"BEL","TCD",815,25959,0
"1079",1079,"CMR","TCD",815,741,0
"1080",1080,"FRA","TCD",815,12723,0
"1081",1081,"NGA","TCD",815,1644,0
"1082",1082,"USA","TCD",815,28029,0
"1083",1083,"FRA","TGO",815,1410,0
"1084",1084,"GHA","TGO",815,8610,0
"1085",1085,"SEN","TGO",815,1361,0
"1086",1086,"USA","TGO",815,7429,0
"1087",1087,"GBR","TTO",815,37389,0
"1088",1088,"ITA","TTO",815,4573,0
"1089",1089,"GBR","BHS",815,3599,0
"1090",1090,"USA","BHS",815,11146,0
"1091",1091,"GBR","BOL",815,7100,0
"1092",1092,"USA","BOL",815,10063,0
"1093",1093,"BEL","DZA",815,236975,0
"1094",1094,"CAN","DZA",815,12796,0
"1095",1095,"DEU","DZA",815,1023,0
"1096",1096,"ESP","DZA",815,0,2590
"1097",1097,"FRA","DZA",815,539989,29635
"1098",1098,"GBR","DZA",815,52984,0
"1099",1099,"ITA","DZA",815,0,4105
"1100",1100,"MAR","DZA",815,19775,2079
"1101",1101,"NLD","DZA",815,353774,1434
"1102",1102,"NOR","DZA",815,71883,0
"1103",1103,"SWE","DZA",815,41141,0
"1104",1104,"USA","DZA",815,1900452,0
"1105",1105,"BEL","EGY",815,0,81348
"1106",1106,"DEU","EGY",815,1053,102893
"1107",1107,"FRA","EGY",815,0,57245
"1108",1108,"GBR","EGY",815,4603,459998
"1109",1109,"ITA","EGY",815,3567,105532
"1110",1110,"NLD","EGY",815,0,37865
"1111",1111,"CAN","GUY",815,2118,0
"1112",1112,"GBR","GUY",815,18305,0
"1113",1113,"NLD","GUY",815,2346,0
"1114",1114,"USA","GUY",815,2086,0
"1115",1115,"BEL","HUN",815,1541,0
"1116",1116,"CHE","HUN",815,115836,20248
"1117",1117,"DEU","HUN",815,40766,84018
"1118",1118,"DNK","HUN",815,188452,0
"1119",1119,"FRA","HUN",815,20471,20447
"1120",1120,"GBR","HUN",815,0,5523
"1121",1121,"ITA","HUN",815,0,11512
"1122",1122,"JPN","HUN",815,0,13153
"1123",1123,"NLD","HUN",815,533391,10116
"1124",1124,"SWE","HUN",815,188420,0
"1125",1125,"FRA","IDN",815,4257,0
"1126",1126,"GBR","IDN",815,9971,0
"1127",1127,"JPN","IDN",815,15034,0
"1128",1128,"NLD","IDN",815,1351,0
"1129",1129,"USA","IDN",815,20330,0
"1130",1130,"ESP","IRL",815,0,41270
"1131",1131,"FRA","IRL",815,0,28848
"1132",1132,"GBR","IRL",815,416124,350400
"1133",1133,"ITA","IRL",815,4286,6927
"1134",1134,"NLD","IRL",815,2107,0
"1135",1135,"USA","IRL",815,0,5191
"1136",1136,"GBR","JOR",815,1726,0
"1137",1137,"NLD","JOR",815,1458,0
"1138",1138,"SWE","JOR",815,10522,0
"1139",1139,"USA","JOR",815,288753,0
"1140",1140,"BEL","KEN",815,61104,2247
"1141",1141,"CAN","KEN",815,47037,0
"1142",1142,"DNK","KEN",815,9798,0
"1143",1143,"GBR","KEN",815,328525,0
"1144",1144,"JPN","KEN",815,8971,0
"1145",1145,"NLD","KEN",815,62733,0
"1146",1146,"SWE","KEN",815,3451,0
"1147",1147,"USA","KEN",815,812334,3109
"1148",1148,"BEL","KOR",815,1462,0
"1149",1149,"GBR","KOR",815,24794,0
"1150",1150,"JPN","KOR",815,42161,47935
"1151",1151,"USA","KOR",815,70376,17712
"1152",1152,"BEL","KWT",815,4324,0
"1153",1153,"GBR","KWT",815,46448,0
"1154",1154,"JPN","KWT",815,17917,0
"1155",1155,"USA","KWT",815,163320,0
"1156",1156,"FRA","LBR",815,1015,0
"1157",1157,"GBR","LBR",815,3001,0
"1158",1158,"NLD","LBR",815,2299,0
"1159",1159,"SWE","LBR",815,1776,0
"1160",1160,"USA","LBR",815,20957,0
"1161",1161,"GBR","LKA",815,8750,0
"1162",1162,"GBR","MLT",815,33274,3050
"1163",1163,"ITA","MLT",815,0,44905
"1164",1164,"NLD","MLT",815,2399,0
"1165",1165,"USA","MLT",815,19559,0
"1166",1166,"BEL","ROU",815,0,1988
"1167",1167,"CAN","ROU",815,70879,0
"1168",1168,"DEU","ROU",815,0,66925
"1169",1169,"FRA","ROU",815,17641,1707
"1170",1170,"GBR","ROU",815,0,47423
"1171",1171,"ITA","ROU",815,0,81312
"1172",1172,"JPN","ROU",815,0,16308
"1173",1173,"NLD","ROU",815,353759,8677
"1174",1174,"YUG","ROU",815,0,3341
"1175",1175,"BEL","SYR",815,98755,0
"1176",1176,"CAN","SYR",815,91512,0
"1177",1177,"FRA","SYR",815,17451,0
"1178",1178,"GBR","SYR",815,79862,0
"1179",1179,"ITA","SYR",815,1776,0
"1180",1180,"NLD","SYR",815,76755,0
"1181",1181,"SWE","SYR",815,51179,0
"1182",1182,"USA","SYR",815,691685,0
"1183",1183,"BEL","THA",815,0,8558
"1184",1184,"GBR","THA",815,1388,2531
"1185",1185,"JPN","THA",815,128542,2368
"1186",1186,"NLD","THA",815,0,2243
"1187",1187,"USA","THA",815,7812,7827
"1188",1188,"CAN","URY",815,0,1094
"1189",1189,"ESP","URY",815,0,12877
"1190",1190,"FRA","URY",815,0,2926
"1191",1191,"ITA","URY",815,0,16707
"1192",1192,"USA","URY",815,1236,63510
"1193",1193,"HKG","TWN",815,0,969
"1194",1194,"JPN","TWN",815,15358,6455
"1195",1195,"NLD","TWN",815,5642,0
"1196",1196,"USA","TWN",815,0,40213
"1197",1197,"GBR","BRN",815,588,0
"1198",1198,"FRA","KHM",815,2357,0
"1199",1199,"NLD","KHM",815,1070,0
"1200",1200,"USA","KHM",815,0,15884
"1201",1201,"DEU","LBY",815,2783,0
"1202",1202,"GBR","LBY",815,72953,0
"1203",1203,"ITA","LBY",815,28511,4537
"1204",1204,"NLD","LBY",815,12100,0
"1205",1205,"USA","LBY",815,5723,0
"1206",1206,"GBR","MMR",815,4880,0
"1207",1207,"FRA","NCL",815,2033,0
"1208",1208,"AUT","TUR",815,0,10031
"1209",1209,"BEL","TUR",815,0,6151
"1210",1210,"CAN","TUR",815,0,9791
"1211",1211,"DEU","TUR",815,1022,130191
"1212",1212,"ESP","TUR",815,0,7189
"1213",1213,"FRA","TUR",815,0,6128
"1214",1214,"GBR","TUR",815,0,6575
"1215",1215,"ITA","TUR",815,1668,39258
"1216",1216,"USA","TUR",815,1060,0
"1217",1217,"BEL","AFG",815,3106,0
"1218",1218,"DEU","AFG",815,26870,0
"1219",1219,"GBR","AFG",815,27107,0
"1220",1220,"IND","AFG",815,34888,0
"1221",1221,"IRN","AFG",815,9419,0
"1222",1222,"JPN","AFG",815,1769,0
"1223",1223,"LBN","AFG",815,1706,0
"1224",1224,"NLD","AFG",815,2312,0
"1225",1225,"USA","AFG",815,432845,0
"1226",1226,"BEL","BDI",815,158766,0
"1227",1227,"GBR","BDI",815,8070,0
"1228",1228,"NLD","BDI",815,43813,0
"1229",1229,"FRA","BFA",815,2309,0
"1230",1230,"GBR","BFA",815,1856,0
"1231",1231,"GHA","BFA",815,48889,0
"1232",1232,"NLD","BFA",815,5917,0
"1233",1233,"USA","BFA",815,58141,0
"1234",1234,"ANS","BFA",815,26956,0
"1235",1235,"GBR","BHR",815,31227,0
"1236",1236,"USA","BHR",815,12917,0
"1237",1237,"ITA","CRI",815,0,1662
"1238",1238,"USA","CRI",815,5716,0
"1239",1239,"CAN","CUB",815,0,2016
"1240",1240,"GBR","CYP",815,16202,1856
"1241",1241,"GRC","CYP",815,0,2081
"1242",1242,"ISR","CYP",815,0,1109
"1243",1243,"ITA","CYP",815,0,1908
"1244",1244,"FRA","DJI",815,3519,0
"1245",1245,"USA","DJI",815,6902,0
"1246",1246,"GBR","ETH",815,6182,0
"1247",1247,"ITA","ETH",815,6618,0
"1248",1248,"NLD","ETH",815,48878,0
"1249",1249,"USA","ETH",815,19197,0
"1250",1250,"BEL","GMB",815,6632,0
"1251",1251,"GBR","GMB",815,4066,0
"1252",1252,"PRT","GNB",815,1289,0
"1253",1253,"USA","GNB",815,2185,0
"1254",1254,"CAN","GTM",815,0,4174
"1255",1255,"USA","GTM",815,13168,0
"1256",1256,"USA","HND",815,9951,0
"1257",1257,"USA","HTI",815,137565,0
"1258",1258,"GBR","IRQ",815,34490,0
"1259",1259,"NLD","IRQ",815,4346,0
"1260",1260,"SWE","IRQ",815,5347,0
"1261",1261,"USA","IRQ",815,1736694,0
"1262",1262,"CIV","MLI",815,9665,0
"1263",1263,"FRA","MLI",815,17204,0
"1264",1264,"GHA","MLI",815,19072,0
"1265",1265,"USA","NIC",815,9811,0
"1266",1266,"BEL","NZL",815,0,18076
"1267",1267,"DNK","NZL",815,0,2039
"1268",1268,"ESP","NZL",815,0,1328
"1269",1269,"GBR","NZL",815,105993,98752
"1270",1270,"IND","NZL",815,34765,0
"1271",1271,"ITA","NZL",815,0,99513
"1272",1272,"JPN","NZL",815,0,23506
"1273",1273,"USA","NZL",815,1375,11958
"1274",1274,"GBR","OMN",815,3827,0
"1275",1275,"USA","PCZ",815,33754,0
"1276",1276,"GBR","QAT",815,14081,0
"1277",1277,"USA","QAT",815,24985,0
"1278",1278,"FRA","REU",815,2257,0
"1279",1279,"BEL","SAU",815,14162,0
"1280",1280,"GBR","SAU",815,120884,0
"1281",1281,"JPN","SAU",815,48568,0
"1282",1282,"NLD","SAU",815,2390,0
"1283",1283,"USA","SAU",815,48540,0
"1284",1284,"GBR","SDN",815,9477,4170
"1285",1285,"ITA","SDN",815,1202,0
"1286",1286,"BEL","SLE",815,1968,0
"1287",1287,"FRA","SLE",815,32630,0
"1288",1288,"GBR","SLE",815,28036,0
"1289",1289,"NLD","SLE",815,11718,0
"1290",1290,"USA","SLE",815,209988,0
"1291",1291,"CAN","SLV",815,0,6616
"1292",1292,"ITA","SLV",815,9558,0
"1293",1293,"USA","SLV",815,1769,0
"1294",1294,"GBR","SOM",815,13327,0
"1295",1295,"ITA","SOM",815,4141,0
"1296",1296,"HKG","TLS",815,1988,0
"1297",1297,"FRA","VNM",815,9730,0
"1298",1298,"USA","VNM",815,1993,0
"1299",1299,"GBR","YMD",815,84394,0
"1300",1300,"NLD","YMD",815,7283,0
"1301",1301,"GBR","BMU",815,3831,0
"1302",1302,"GBR","BRB",815,6671,0
"1303",1303,"GBR","FJI",815,6308,0
"1304",1304,"FRA","GLP",815,6524,0
"1305",1305,"USA","GLP",815,1946,0
"1306",1306,"GBR","MUS",815,8019,0
"1307",1307,"GBR","UGA",815,18617,0
"1308",1308,"GBR","VUT",815,2956,0
"1309",1309,"FRA","MTQ",815,1630,0
"1310",1310,"HKG","PRK",815,27075,0
"1311",1311,"ITA","PRK",815,0,2594
"1312",1312,"JPN","PNG",815,0,2477
"1313",1313,"AFG","BEL",925,0,6466
"1314",1314,"AGO","BEL",925,0,21709
"1315",1315,"ANT","BEL",925,0,2319
"1316",1316,"ARG","BEL",925,0,3251
"1317",1317,"AUS","BEL",925,0,6424
"1318",1318,"AUT","BEL",925,1756,23841
"1319",1319,"BDI","BEL",925,0,1354
"1320",1320,"BGR","BEL",925,2181,0
"1321",1321,"BOL","BEL",925,0,3246
"1322",1322,"BRA","BEL",925,0,180734
"1323",1323,"CAN","BEL",925,0,26782
"1324",1324,"CHE","BEL",925,47195,224181
"1325",1325,"CHL","BEL",925,0,19586
"1326",1326,"CHN","BEL",925,20510,15585
"1327",1327,"COD","BEL",925,0,144459
"1328",1328,"COL","BEL",925,0,12392
"1329",1329,"CRI","BEL",925,0,1364
"1330",1330,"CSK","BEL",925,21599,66245
"1331",1331,"CYP","BEL",925,0,1265
"1332",1332,"DEU","BEL",925,1402548,440197
"1333",1333,"DNK","BEL",925,5162,360840
"1334",1334,"ECU","BEL",925,0,1684
"1335",1335,"ESP","BEL",925,10170,41611
"1336",1336,"FIN","BEL",925,0,834310
"1337",1337,"FRA","BEL",925,1680247,754537
"1338",1338,"GBR","BEL",925,39236,25165
"1339",1339,"GNQ","BEL",925,0,207613
"1340",1340,"GRC","BEL",925,0,15731
"1341",1341,"GTM","BEL",925,0,2579
"1342",1342,"HKG","BEL",925,0,37165
"1343",1343,"HND","BEL",925,0,1641
"1344",1344,"HUN","BEL",925,0,102604
"1345",1345,"IDN","BEL",925,0,9727
"1346",1346,"IRL","BEL",925,0,34740
"1347",1347,"IRN","BEL",925,0,15772
"1348",1348,"IRQ","BEL",925,0,6794
"1349",1349,"ISL","BEL",925,0,1096
"1350",1350,"ISR","BEL",925,56626,2939
"1351",1351,"ITA","BEL",925,63638,155999
"1352",1352,"JPN","BEL",925,34969,848
"1353",1353,"KEN","BEL",925,0,7373
"1354",1354,"KHM","BEL",925,0,835
"1355",1355,"LKA","BEL",925,0,601
"1356",1356,"MAR","BEL",925,0,27910
"1357",1357,"MEX","BEL",925,0,48942
"1358",1358,"NGA","BEL",925,0,3276
"1359",1359,"NLD","BEL",925,388116,1150752
"1360",1360,"NOR","BEL",925,0,509122
"1361",1361,"NZL","BEL",925,0,32995
"1362",1362,"PAK","BEL",925,0,8329
"1363",1363,"PAN","BEL",925,0,10015
"1364",1364,"PER","BEL",925,0,9943
"1365",1365,"PHL","BEL",925,0,23647
"1366",1366,"POL","BEL",925,10690,0
"1367",1367,"PRT","BEL",925,0,72285
"1368",1368,"ROU","BEL",925,2222,3053
"1369",1369,"RUS","BEL",925,13795,163622
"1370",1370,"SDN","BEL",925,0,1131
"1371",1371,"SGP","BEL",925,0,3666
"1372",1372,"SLV","BEL",925,0,681
"1373",1373,"SWE","BEL",925,20972,1533535
"1374",1374,"SYR","BEL",925,0,1930
"1375",1375,"THA","BEL",925,0,14926
"1376",1376,"TUR","BEL",925,0,56025
"1377",1377,"URY","BEL",925,0,8427
"1378",1378,"USA","BEL",925,141923,1579283
"1379",1379,"VEN","BEL",925,0,12423
"1380",1380,"VNM","BEL",925,0,5842
"1381",1381,"YUG","BEL",925,0,13334
"1382",1382,"ZAF","BEL",925,0,35305
"1383",1383,"TWN","BEL",925,0,819
"1384",1384,"ANS","BEL",925,2612,123110
"1385",1385,"ARG","CHE",925,0,4339
"1386",1386,"BEL","CHE",925,224181,47195
"1387",1387,"BOL","CHE",925,0,1539
"1388",1388,"BRA","CHE",925,0,2873
"1389",1389,"CAN","CHE",925,0,2376
"1390",1390,"CHL","CHE",925,0,540
"1391",1391,"DEU","CHE",925,1397514,357532
"1392",1392,"DNK","CHE",925,629,32491
"1393",1393,"ESP","CHE",925,0,9036
"1394",1394,"FRA","CHE",925,607006,18821
"1395",1395,"GBR","CHE",925,318400,38391
"1396",1396,"GRC","CHE",925,0,25776
"1397",1397,"HKG","CHE",925,0,11347
"1398",1398,"ISR","CHE",925,0,812
"1399",1399,"ITA","CHE",925,607453,90048
"1400",1400,"JPN","CHE",925,0,1007
"1401",1401,"MAR","CHE",925,0,3672
"1402",1402,"MMR","CHE",925,0,5478
"1403",1403,"NLD","CHE",925,7853,71995
"1404",1404,"NOR","CHE",925,0,4366
"1405",1405,"PER","CHE",925,0,2610
"1406",1406,"PHL","CHE",925,0,1201
"1407",1407,"PRT","CHE",925,0,9809
"1408",1408,"SWE","CHE",925,2686,10293
"1409",1409,"TUR","CHE",925,0,10536
"1410",1410,"USA","CHE",925,290614,164691
"1411",1411,"YUG","CHE",925,1127,4437
"1412",1412,"ARG","CHN",925,0,3884
"1413",1413,"BEL","CHN",925,15585,20510
"1414",1414,"BRA","CHN",925,0,5616
"1415",1415,"DEU","CHN",925,8060,6421
"1416",1416,"DNK","CHN",925,0,16908
"1417",1417,"FRA","CHN",925,29992,4593
"1418",1418,"GBR","CHN",925,47983,3856
"1419",1419,"HKG","CHN",925,3800,104480
"1420",1420,"ITA","CHN",925,0,6250
"1421",1421,"JPN","CHN",925,53604,41212
"1422",1422,"KHM","CHN",925,0,24594
"1423",1423,"MAR","CHN",925,0,7564
"1424",1424,"MMR","CHN",925,0,31499
"1425",1425,"NLD","CHN",925,2228,49973
"1426",1426,"NOR","CHN",925,0,4228
"1427",1427,"PAK","CHN",925,0,970
"1428",1428,"SGP","CHN",925,0,54470
"1429",1429,"SWE","CHN",925,0,35679
"1430",1430,"TUN","CHN",925,0,1053
"1431",1431,"ANS","CHN",925,0,62569
"1432",1432,"BEL","CSK",925,66245,21599
"1433",1433,"BRA","CSK",925,0,42859
"1434",1434,"CHL","CSK",925,0,1069
"1435",1435,"DEU","CSK",925,89015,74735
"1436",1436,"DNK","CSK",925,0,33942
"1437",1437,"FRA","CSK",925,87871,21368
"1438",1438,"GBR","CSK",925,5276,20839
"1439",1439,"GRC","CSK",925,0,6282
"1440",1440,"ITA","CSK",925,78481,72633
"1441",1441,"MAR","CSK",925,0,3976
"1442",1442,"MEX","CSK",925,0,881
"1443",1443,"NLD","CSK",925,49029,26631
"1444",1444,"NOR","CSK",925,0,5496
"1445",1445,"PER","CSK",925,0,8602
"1446",1446,"PRT","CSK",925,0,865
"1447",1447,"SGP","CSK",925,0,2944
"1448",1448,"SWE","CSK",925,0,104721
"1449",1449,"TUR","CSK",925,0,15708
"1450",1450,"YUG","CSK",925,39013,20939
"1451",1451,"ANS","CSK",925,0,1943
"1452",1452,"AFG","DEU",925,0,13232
"1453",1453,"AGO","DEU",925,0,17549
"1454",1454,"ALB","DEU",925,0,1013
"1455",1455,"ARG","DEU",925,0,64696
"1456",1456,"AUS","DEU",925,0,290585
"1457",1457,"AUT","DEU",925,253869,508153
"1458",1458,"BDI","DEU",925,0,3543
"1459",1459,"BEL","DEU",925,440197,1402548
"1460",1460,"BEN","DEU",925,0,1363
"1461",1461,"BGR","DEU",925,8035,12197
"1462",1462,"BHR","DEU",925,0,3078
"1463",1463,"BOL","DEU",925,0,26725
"1464",1464,"BRA","DEU",925,0,531995
"1465",1465,"BRN","DEU",925,0,4573
"1466",1466,"CAN","DEU",925,20949,282915
"1467",1467,"CHE","DEU",925,357532,1397514
"1468",1468,"CHL","DEU",925,295172,66316
"1469",1469,"CHN","DEU",925,6421,8060
"1470",1470,"CIV","DEU",925,0,4773
"1471",1471,"CMR","DEU",925,0,975
"1472",1472,"COD","DEU",925,0,35860
"1473",1473,"COG","DEU",925,0,3822
"1474",1474,"COL","DEU",925,0,174038
"1475",1475,"CRI","DEU",925,0,21184
"1476",1476,"CSK","DEU",925,74735,89015
"1477",1477,"CUB","DEU",925,0,2225
"1478",1478,"CYP","DEU",925,0,15903
"1479",1479,"DNK","DEU",925,38045,822472
"1480",1480,"DOM","DEU",925,0,8230
"1481",1481,"ECU","DEU",925,0,54845
"1482",1482,"EGY","DEU",925,0,118513
"1483",1483,"ESP","DEU",925,391814,215203
"1484",1484,"ETH","DEU",925,0,6140
"1485",1485,"FIN","DEU",925,0,767295
"1486",1486,"FRA","DEU",925,1397058,641056
"1487",1487,"GBR","DEU",925,27314,662693
"1488",1488,"GHA","DEU",925,0,7414
"1489",1489,"GIN","DEU",925,0,1006
"1490",1490,"GNB","DEU",925,0,1534
"1491",1491,"GRC","DEU",925,0,162350
"1492",1492,"GTM","DEU",925,0,28607
"1493",1493,"GUY","DEU",925,0,511
"1494",1494,"HKG","DEU",925,0,97834
"1495",1495,"HND","DEU",925,0,511
"1496",1496,"HTI","DEU",925,0,510
"1497",1497,"HUN","DEU",925,53466,125435
"1498",1498,"IDN","DEU",925,0,157637
"1499",1499,"IND","DEU",925,0,250503
